organisatie;org_afk;soort;onderwerp;jaar;maand;maand_nr;aantal
Het Rijk;Rijk;Rijk;zv%;2018;jan;1;6,2874873962334847
Het Rijk;Rijk;Rijk;zv%;2018;feb;2;7,1325220232251159
Het Rijk;Rijk;Rijk;zv%;2018;mrt;3;6,3819818909986461
Het Rijk;Rijk;Rijk;zv%;2018;apr;4;5,2102329079720695
Het Rijk;Rijk;Rijk;zv%;2018;mei;5;4,8067468450107302
Het Rijk;Rijk;Rijk;zv%;2018;jun;6;5,0112543814846697
Het Rijk;Rijk;Rijk;zv%;2018;jul;7;4,9128222566450335
Het Rijk;Rijk;Rijk;zv%;2018;aug;8;4,7737920378404217
Het Rijk;Rijk;Rijk;zv%;2018;sep;9;5,1564128905335629
Het Rijk;Rijk;Rijk;zv%;2018;okt;10;5,4555501656379413
Het Rijk;Rijk;Rijk;zv%;2018;nov;11;5,6336080602663934
Het Rijk;Rijk;Rijk;zv%;2018;dec;12;5,4151036700938686
Ministerie van BZK;BZK;Ministerie;zv%;2018;jan;1;6,4470294366542866
Ministerie van BZK;BZK;Ministerie;zv%;2018;feb;2;7,5648779688111407
Ministerie van BZK;BZK;Ministerie;zv%;2018;mrt;3;6,6866482469925277
Ministerie van BZK;BZK;Ministerie;zv%;2018;apr;4;5,7417659694029659
Ministerie van BZK;BZK;Ministerie;zv%;2018;mei;5;5,1083812538286777
Ministerie van BZK;BZK;Ministerie;zv%;2018;jun;6;5,1970990797734959
Ministerie van BZK;BZK;Ministerie;zv%;2018;jul;7;5,1616227702879467
Ministerie van BZK;BZK;Ministerie;zv%;2018;aug;8;5,0565513495150789
Ministerie van BZK;BZK;Ministerie;zv%;2018;sep;9;5,4547437270754777
Ministerie van BZK;BZK;Ministerie;zv%;2018;okt;10;5,6721618530388875
Ministerie van BZK;BZK;Ministerie;zv%;2018;nov;11;5,9744617846181285
Ministerie van BZK;BZK;Ministerie;zv%;2018;dec;12;5,6018449555941245
Ministerie van AZ;AZ;Ministerie;zv%;2018;jan;1;4,8402967989495238
Ministerie van AZ;AZ;Ministerie;zv%;2018;feb;2;6,1965464623512423
Ministerie van AZ;AZ;Ministerie;zv%;2018;mrt;3;5,6164664659273180
Ministerie van AZ;AZ;Ministerie;zv%;2018;apr;4;3,8299748654275576
Ministerie van AZ;AZ;Ministerie;zv%;2018;mei;5;2,9295519830561179
Ministerie van AZ;AZ;Ministerie;zv%;2018;jun;6;3,4186572360119212
Ministerie van AZ;AZ;Ministerie;zv%;2018;jul;7;3,4165424421935926
Ministerie van AZ;AZ;Ministerie;zv%;2018;aug;8;3,3627862433125619
Ministerie van AZ;AZ;Ministerie;zv%;2018;sep;9;3,9831703043628175
Ministerie van AZ;AZ;Ministerie;zv%;2018;okt;10;3,8994712349084524
Ministerie van AZ;AZ;Ministerie;zv%;2018;nov;11;3,7840577428040296
Ministerie van AZ;AZ;Ministerie;zv%;2018;dec;12;2,7564487058196616
Concern Justitie en Veiligheid;J&V;Ministerie;zv%;2018;jan;1;6,9653308904000353
Concern Justitie en Veiligheid;J&V;Ministerie;zv%;2018;feb;2;7,7420456426253388
Concern Justitie en Veiligheid;J&V;Ministerie;zv%;2018;mrt;3;6,9986084142455489
Concern Justitie en Veiligheid;J&V;Ministerie;zv%;2018;apr;4;5,8593958003420807
Concern Justitie en Veiligheid;J&V;Ministerie;zv%;2018;mei;5;5,4968638459802062
Concern Justitie en Veiligheid;J&V;Ministerie;zv%;2018;jun;6;5,7165589408122424
Concern Justitie en Veiligheid;J&V;Ministerie;zv%;2018;jul;7;5,5683368183433553
Concern Justitie en Veiligheid;J&V;Ministerie;zv%;2018;aug;8;5,3437803830760071
Concern Justitie en Veiligheid;J&V;Ministerie;zv%;2018;sep;9;5,7719628715310138
Concern Justitie en Veiligheid;J&V;Ministerie;zv%;2018;okt;10;6,0402567960075482
Concern Justitie en Veiligheid;J&V;Ministerie;zv%;2018;nov;11;6,2278296605662682
Concern Justitie en Veiligheid;J&V;Ministerie;zv%;2018;dec;12;6,0784657611587845
Hoge Colleges van Staat;HCvS;Divers;zv%;2018;jan;1;4,5936366604741661
Hoge Colleges van Staat;HCvS;Divers;zv%;2018;feb;2;5,0573605494026204
Hoge Colleges van Staat;HCvS;Divers;zv%;2018;mrt;3;4,7385576195610115
Hoge Colleges van Staat;HCvS;Divers;zv%;2018;apr;4;3,9769219529305624
Hoge Colleges van Staat;HCvS;Divers;zv%;2018;mei;5;3,4650841842503382
Hoge Colleges van Staat;HCvS;Divers;zv%;2018;jun;6;4,0668002001902215
Hoge Colleges van Staat;HCvS;Divers;zv%;2018;jul;7;3,3903134860033797
Hoge Colleges van Staat;HCvS;Divers;zv%;2018;aug;8;3,9229574755161307
Hoge Colleges van Staat;HCvS;Divers;zv%;2018;sep;9;4,1608559992754222
Hoge Colleges van Staat;HCvS;Divers;zv%;2018;okt;10;4,9193733090388756
Hoge Colleges van Staat;HCvS;Divers;zv%;2018;nov;11;5,1492179452501832
Hoge Colleges van Staat;HCvS;Divers;zv%;2018;dec;12;4,3923881161797667
Ministerie van Sociale Zaken en Werkgele;SZW;Ministerie;zv%;2018;jan;1;6,4440656202651381
Ministerie van Sociale Zaken en Werkgele;SZW;Ministerie;zv%;2018;feb;2;7,1883785898997514
Ministerie van Sociale Zaken en Werkgele;SZW;Ministerie;zv%;2018;mrt;3;6,7109865867794163
Ministerie van Sociale Zaken en Werkgele;SZW;Ministerie;zv%;2018;apr;4;5,6605196506820343
Ministerie van Sociale Zaken en Werkgele;SZW;Ministerie;zv%;2018;mei;5;5,2634385470589580
Ministerie van Sociale Zaken en Werkgele;SZW;Ministerie;zv%;2018;jun;6;5,1614103354601681
Ministerie van Sociale Zaken en Werkgele;SZW;Ministerie;zv%;2018;jul;7;4,9717901591339384
Ministerie van Sociale Zaken en Werkgele;SZW;Ministerie;zv%;2018;aug;8;5,0736868347722259
Ministerie van Sociale Zaken en Werkgele;SZW;Ministerie;zv%;2018;sep;9;5,6984314523950408
Ministerie van Sociale Zaken en Werkgele;SZW;Ministerie;zv%;2018;okt;10;5,9673535547677670
Ministerie van Sociale Zaken en Werkgele;SZW;Ministerie;zv%;2018;nov;11;6,0703663220764490
Ministerie van Sociale Zaken en Werkgele;SZW;Ministerie;zv%;2018;dec;12;5,8583215586630297
Ministerie van OCW;OCW;Ministerie;zv%;2018;jan;1;5,6598482199015026
Ministerie van OCW;OCW;Ministerie;zv%;2018;feb;2;6,8628982619704120
Ministerie van OCW;OCW;Ministerie;zv%;2018;mrt;3;6,2604560762220824
Ministerie van OCW;OCW;Ministerie;zv%;2018;apr;4;4,8925284177284674
Ministerie van OCW;OCW;Ministerie;zv%;2018;mei;5;4,5040502261232245
Ministerie van OCW;OCW;Ministerie;zv%;2018;jun;6;4,7385925413681100
Ministerie van OCW;OCW;Ministerie;zv%;2018;jul;7;4,6580490046780270
Ministerie van OCW;OCW;Ministerie;zv%;2018;aug;8;4,6264581415730301
Ministerie van OCW;OCW;Ministerie;zv%;2018;sep;9;5,1424641008035969
Ministerie van OCW;OCW;Ministerie;zv%;2018;okt;10;5,4426816719768327
Ministerie van OCW;OCW;Ministerie;zv%;2018;nov;11;5,6179175846752578
Ministerie van OCW;OCW;Ministerie;zv%;2018;dec;12;5,2826952717657356
Ministerie van V.W.S.;VWS;Ministerie;zv%;2018;jan;1;5,3294856599287019
Ministerie van V.W.S.;VWS;Ministerie;zv%;2018;feb;2;5,9946970299669617
Ministerie van V.W.S.;VWS;Ministerie;zv%;2018;mrt;3;5,3096112795033239
Ministerie van V.W.S.;VWS;Ministerie;zv%;2018;apr;4;4,3078070405994504
Ministerie van V.W.S.;VWS;Ministerie;zv%;2018;mei;5;3,6499199861989466
Ministerie van V.W.S.;VWS;Ministerie;zv%;2018;jun;6;3,8623185773441926
Ministerie van V.W.S.;VWS;Ministerie;zv%;2018;jul;7;3,7303688439373492
Ministerie van V.W.S.;VWS;Ministerie;zv%;2018;aug;8;3,8245562065746834
Ministerie van V.W.S.;VWS;Ministerie;zv%;2018;sep;9;4,3688447921261560
Ministerie van V.W.S.;VWS;Ministerie;zv%;2018;okt;10;4,5939384484801620
Ministerie van V.W.S.;VWS;Ministerie;zv%;2018;nov;11;4,8281963424486758
Ministerie van V.W.S.;VWS;Ministerie;zv%;2018;dec;12;4,5409493414873028
Ministerie van Economische Zaken en Klim;EZK;Ministerie;zv%;2018;jan;1;5,2202417655544995
Ministerie van Economische Zaken en Klim;EZK;Ministerie;zv%;2018;feb;2;6,0792132523700033
Ministerie van Economische Zaken en Klim;EZK;Ministerie;zv%;2018;mrt;3;5,4212180408854627
Ministerie van Economische Zaken en Klim;EZK;Ministerie;zv%;2018;apr;4;4,2320067674894197
Ministerie van Economische Zaken en Klim;EZK;Ministerie;zv%;2018;mei;5;3,9664016597676084
Ministerie van Economische Zaken en Klim;EZK;Ministerie;zv%;2018;jun;6;4,0465180707154502
Ministerie van Economische Zaken en Klim;EZK;Ministerie;zv%;2018;jul;7;3,9245904687936588
Ministerie van Economische Zaken en Klim;EZK;Ministerie;zv%;2018;aug;8;3,8362104048655388
Ministerie van Economische Zaken en Klim;EZK;Ministerie;zv%;2018;sep;9;4,1139240583357415
Ministerie van Economische Zaken en Klim;EZK;Ministerie;zv%;2018;okt;10;4,3228633227977351
Ministerie van Economische Zaken en Klim;EZK;Ministerie;zv%;2018;nov;11;4,5838042150361451
Ministerie van Economische Zaken en Klim;EZK;Ministerie;zv%;2018;dec;12;4,5314660862021290
Ministerie van Financien;FIN;Ministerie;zv%;2018;jan;1;7,1352049118020098
Ministerie van Financien;FIN;Ministerie;zv%;2018;feb;2;8,2613156560047205
Ministerie van Financien;FIN;Ministerie;zv%;2018;mrt;3;7,2933497185006484
Ministerie van Financien;FIN;Ministerie;zv%;2018;apr;4;5,8824610269904491
Ministerie van Financien;FIN;Ministerie;zv%;2018;mei;5;5,3749612004061023
Ministerie van Financien;FIN;Ministerie;zv%;2018;jun;6;5,6886796313491050
Ministerie van Financien;FIN;Ministerie;zv%;2018;jul;7;5,5973141130219437
Ministerie van Financien;FIN;Ministerie;zv%;2018;aug;8;5,4715500595926549
Ministerie van Financien;FIN;Ministerie;zv%;2018;sep;9;5,8236831540711353
Ministerie van Financien;FIN;Ministerie;zv%;2018;okt;10;6,2803673477486646
Ministerie van Financien;FIN;Ministerie;zv%;2018;nov;11;6,4890684611320424
Ministerie van Financien;FIN;Ministerie;zv%;2018;dec;12;6,1401142172325258
Ministerie van Infrastructuur en Waterst;I&W;Ministerie;zv%;2018;jan;1;5,5699051291324118
Ministerie van Infrastructuur en Waterst;I&W;Ministerie;zv%;2018;feb;2;6,1461902136582101
Ministerie van Infrastructuur en Waterst;I&W;Ministerie;zv%;2018;mrt;3;5,4608209630961602
Ministerie van Infrastructuur en Waterst;I&W;Ministerie;zv%;2018;apr;4;4,2362930783485790
Ministerie van Infrastructuur en Waterst;I&W;Ministerie;zv%;2018;mei;5;3,9351393598365649
Ministerie van Infrastructuur en Waterst;I&W;Ministerie;zv%;2018;jun;6;4,0663398827401585
Ministerie van Infrastructuur en Waterst;I&W;Ministerie;zv%;2018;jul;7;4,0936490257797651
Ministerie van Infrastructuur en Waterst;I&W;Ministerie;zv%;2018;aug;8;3,8939663137658669
Ministerie van Infrastructuur en Waterst;I&W;Ministerie;zv%;2018;sep;9;4,2722668938928754
Ministerie van Infrastructuur en Waterst;I&W;Ministerie;zv%;2018;okt;10;4,5767156783345779
Ministerie van Infrastructuur en Waterst;I&W;Ministerie;zv%;2018;nov;11;4,5670979216100998
Ministerie van Infrastructuur en Waterst;I&W;Ministerie;zv%;2018;dec;12;4,4239472157084272
Buitenlandse zaken;BuZa;Ministerie;zv%;2018;jan;1;2,0033807013553466
Buitenlandse zaken;BuZa;Ministerie;zv%;2018;feb;2;2,0936496759443419
Buitenlandse zaken;BuZa;Ministerie;zv%;2018;mrt;3;1,9079750330943788
Buitenlandse zaken;BuZa;Ministerie;zv%;2018;apr;4;1,5201618650191988
Buitenlandse zaken;BuZa;Ministerie;zv%;2018;mei;5;1,4482427356305825
Buitenlandse zaken;BuZa;Ministerie;zv%;2018;jun;6;1,5975377248875471
Buitenlandse zaken;BuZa;Ministerie;zv%;2018;jul;7;1,5479139897861445
Buitenlandse zaken;BuZa;Ministerie;zv%;2018;aug;8;1,4223083141672699
Buitenlandse zaken;BuZa;Ministerie;zv%;2018;sep;9;1,4885232061368081
Buitenlandse zaken;BuZa;Ministerie;zv%;2018;okt;10;1,5519668859376698
Buitenlandse zaken;BuZa;Ministerie;zv%;2018;nov;11;1,6324909008441069
Buitenlandse zaken;BuZa;Ministerie;zv%;2018;dec;12;1,5711791738598535
Het Rijk;Rijk;Rijk;zv%;2019;jan;1;5,7280565400699333
Het Rijk;Rijk;Rijk;zv%;2019;feb;2;6,2418751190001478
Het Rijk;Rijk;Rijk;zv%;2019;mrt;3;5,7452075250332184
Het Rijk;Rijk;Rijk;zv%;2019;apr;4;5,3685054313166951
Het Rijk;Rijk;Rijk;zv%;2019;mei;5;5,0998549805049382
Het Rijk;Rijk;Rijk;zv%;2019;jun;6;4,8689034462934515
Het Rijk;Rijk;Rijk;zv%;2019;jul;7;4,8498326088626387
Het Rijk;Rijk;Rijk;zv%;2019;aug;8;4,6716940992589304
Het Rijk;Rijk;Rijk;zv%;2019;sep;9;5,0023291058507295
Het Rijk;Rijk;Rijk;zv%;2019;okt;10;5,5557013926700209
Het Rijk;Rijk;Rijk;zv%;2019;nov;11;5,6726269056541270
Het Rijk;Rijk;Rijk;zv%;2019;dec;12;5,5119178600017698
Ministerie van BZK;BZK;Ministerie;zv%;2019;jan;1;6,0697030500355034
Ministerie van BZK;BZK;Ministerie;zv%;2019;feb;2;6,7261539204291099
Ministerie van BZK;BZK;Ministerie;zv%;2019;mrt;3;6,2809140761598359
Ministerie van BZK;BZK;Ministerie;zv%;2019;apr;4;5,8026806043466745
Ministerie van BZK;BZK;Ministerie;zv%;2019;mei;5;5,3730604887002222
Ministerie van BZK;BZK;Ministerie;zv%;2019;jun;6;5,1810917260085336
Ministerie van BZK;BZK;Ministerie;zv%;2019;jul;7;5,1203753314156586
Ministerie van BZK;BZK;Ministerie;zv%;2019;aug;8;4,8204670777724274
Ministerie van BZK;BZK;Ministerie;zv%;2019;sep;9;5,0797197350655052
Ministerie van BZK;BZK;Ministerie;zv%;2019;okt;10;5,5666403552416615
Ministerie van BZK;BZK;Ministerie;zv%;2019;nov;11;5,5057116967651094
Ministerie van BZK;BZK;Ministerie;zv%;2019;dec;12;5,5199132571570164
Ministerie van AZ;AZ;Ministerie;zv%;2019;jan;1;3,0281133309724377
Ministerie van AZ;AZ;Ministerie;zv%;2019;feb;2;3,8988427242303616
Ministerie van AZ;AZ;Ministerie;zv%;2019;mrt;3;3,1583522580036814
Ministerie van AZ;AZ;Ministerie;zv%;2019;apr;4;3,1127452053067897
Ministerie van AZ;AZ;Ministerie;zv%;2019;mei;5;2,7832938364249742
Ministerie van AZ;AZ;Ministerie;zv%;2019;jun;6;2,9798926542039896
Ministerie van AZ;AZ;Ministerie;zv%;2019;jul;7;3,0130702626366954
Ministerie van AZ;AZ;Ministerie;zv%;2019;aug;8;2,8528553332834701
Ministerie van AZ;AZ;Ministerie;zv%;2019;sep;9;2,8877761151450754
Ministerie van AZ;AZ;Ministerie;zv%;2019;okt;10;3,4935166651604281
Ministerie van AZ;AZ;Ministerie;zv%;2019;nov;11;3,6230515214062757
Ministerie van AZ;AZ;Ministerie;zv%;2019;dec;12;2,9764686932572033
Concern Justitie en Veiligheid;J&V;Ministerie;zv%;2019;jan;1;6,2901521054258005
Concern Justitie en Veiligheid;J&V;Ministerie;zv%;2019;feb;2;6,8373395936350319
Concern Justitie en Veiligheid;J&V;Ministerie;zv%;2019;mrt;3;6,3334588296107253
Concern Justitie en Veiligheid;J&V;Ministerie;zv%;2019;apr;4;5,9524195055079661
Concern Justitie en Veiligheid;J&V;Ministerie;zv%;2019;mei;5;5,6883638251863351
Concern Justitie en Veiligheid;J&V;Ministerie;zv%;2019;jun;6;5,4911552868959692
Concern Justitie en Veiligheid;J&V;Ministerie;zv%;2019;jul;7;5,3671283848335580
Concern Justitie en Veiligheid;J&V;Ministerie;zv%;2019;aug;8;5,1253242350576835
Concern Justitie en Veiligheid;J&V;Ministerie;zv%;2019;sep;9;5,4115234265955241
Concern Justitie en Veiligheid;J&V;Ministerie;zv%;2019;okt;10;6,0477307129182636
Concern Justitie en Veiligheid;J&V;Ministerie;zv%;2019;nov;11;6,2233685056503436
Concern Justitie en Veiligheid;J&V;Ministerie;zv%;2019;dec;12;6,0728281577749241
Hoge Colleges van Staat;HCvS;Divers;zv%;2019;jan;1;4,6275386894720860
Hoge Colleges van Staat;HCvS;Divers;zv%;2019;feb;2;5,1158046478783312
Hoge Colleges van Staat;HCvS;Divers;zv%;2019;mrt;3;3,9612258806831462
Hoge Colleges van Staat;HCvS;Divers;zv%;2019;apr;4;3,8826902294732517
Hoge Colleges van Staat;HCvS;Divers;zv%;2019;mei;5;3,9217523329401782
Hoge Colleges van Staat;HCvS;Divers;zv%;2019;jun;6;3,5105150970423269
Hoge Colleges van Staat;HCvS;Divers;zv%;2019;jul;7;3,3309540551897601
Hoge Colleges van Staat;HCvS;Divers;zv%;2019;aug;8;2,9978117573885847
Hoge Colleges van Staat;HCvS;Divers;zv%;2019;sep;9;3,9878604901248371
Hoge Colleges van Staat;HCvS;Divers;zv%;2019;okt;10;3,6104398424204729
Hoge Colleges van Staat;HCvS;Divers;zv%;2019;nov;11;4,2544687328101682
Hoge Colleges van Staat;HCvS;Divers;zv%;2019;dec;12;4,4087723280989808
Ministerie van Sociale Zaken en Werkgele;SZW;Ministerie;zv%;2019;jan;1;6,0345319338794408
Ministerie van Sociale Zaken en Werkgele;SZW;Ministerie;zv%;2019;feb;2;6,7304463008850561
Ministerie van Sociale Zaken en Werkgele;SZW;Ministerie;zv%;2019;mrt;3;6,3143814740384530
Ministerie van Sociale Zaken en Werkgele;SZW;Ministerie;zv%;2019;apr;4;6,3177291459337299
Ministerie van Sociale Zaken en Werkgele;SZW;Ministerie;zv%;2019;mei;5;6,0108772373175725
Ministerie van Sociale Zaken en Werkgele;SZW;Ministerie;zv%;2019;jun;6;5,8535378173103974
Ministerie van Sociale Zaken en Werkgele;SZW;Ministerie;zv%;2019;jul;7;5,5906097320652899
Ministerie van Sociale Zaken en Werkgele;SZW;Ministerie;zv%;2019;aug;8;5,7413303868145409
Ministerie van Sociale Zaken en Werkgele;SZW;Ministerie;zv%;2019;sep;9;6,0164573522712832
Ministerie van Sociale Zaken en Werkgele;SZW;Ministerie;zv%;2019;okt;10;6,4770754049135268
Ministerie van Sociale Zaken en Werkgele;SZW;Ministerie;zv%;2019;nov;11;6,4933188572523486
Ministerie van Sociale Zaken en Werkgele;SZW;Ministerie;zv%;2019;dec;12;6,5832400429267803
Ministerie van OCW;OCW;Ministerie;zv%;2019;jan;1;5,8076633228275183
Ministerie van OCW;OCW;Ministerie;zv%;2019;feb;2;6,3446819399035075
Ministerie van OCW;OCW;Ministerie;zv%;2019;mrt;3;6,0574815160332989
Ministerie van OCW;OCW;Ministerie;zv%;2019;apr;4;5,3038456297411347
Ministerie van OCW;OCW;Ministerie;zv%;2019;mei;5;5,0442424969195185
Ministerie van OCW;OCW;Ministerie;zv%;2019;jun;6;4,6968376526479139
Ministerie van OCW;OCW;Ministerie;zv%;2019;jul;7;5,0148511866277081
Ministerie van OCW;OCW;Ministerie;zv%;2019;aug;8;4,6480106413429647
Ministerie van OCW;OCW;Ministerie;zv%;2019;sep;9;5,2098819100986642
Ministerie van OCW;OCW;Ministerie;zv%;2019;okt;10;5,8846669602844823
Ministerie van OCW;OCW;Ministerie;zv%;2019;nov;11;6,0696168749139376
Ministerie van OCW;OCW;Ministerie;zv%;2019;dec;12;5,7186574463244710
Ministerie van V.W.S.;VWS;Ministerie;zv%;2019;jan;1;4,6941529207701809
Ministerie van V.W.S.;VWS;Ministerie;zv%;2019;feb;2;5,1247949542091424
Ministerie van V.W.S.;VWS;Ministerie;zv%;2019;mrt;3;4,6090994390231135
Ministerie van V.W.S.;VWS;Ministerie;zv%;2019;apr;4;4,2343235218956599
Ministerie van V.W.S.;VWS;Ministerie;zv%;2019;mei;5;4,0763172522976232
Ministerie van V.W.S.;VWS;Ministerie;zv%;2019;jun;6;3,7326823444416117
Ministerie van V.W.S.;VWS;Ministerie;zv%;2019;jul;7;3,7049497946764891
Ministerie van V.W.S.;VWS;Ministerie;zv%;2019;aug;8;3,3817968828401326
Ministerie van V.W.S.;VWS;Ministerie;zv%;2019;sep;9;3,9302875670907911
Ministerie van V.W.S.;VWS;Ministerie;zv%;2019;okt;10;4,5351422386498621
Ministerie van V.W.S.;VWS;Ministerie;zv%;2019;nov;11;4,4863162652540201
Ministerie van V.W.S.;VWS;Ministerie;zv%;2019;dec;12;4,5080822953388981
Ministerie van Economische Zaken en Klim;EZK;Ministerie;zv%;2019;jan;1;4,5295076636474354
Ministerie van Economische Zaken en Klim;EZK;Ministerie;zv%;2019;feb;2;4,9536591743446960
Ministerie van Economische Zaken en Klim;EZK;Ministerie;zv%;2019;mrt;3;4,5702592610601451
Ministerie van Economische Zaken en Klim;EZK;Ministerie;zv%;2019;apr;4;4,2022485115119279
Ministerie van Economische Zaken en Klim;EZK;Ministerie;zv%;2019;mei;5;4,2555998933900074
Ministerie van Economische Zaken en Klim;EZK;Ministerie;zv%;2019;jun;6;4,0477846243227793
Ministerie van Economische Zaken en Klim;EZK;Ministerie;zv%;2019;jul;7;3,9910352208934090
Ministerie van Economische Zaken en Klim;EZK;Ministerie;zv%;2019;aug;8;3,8218618568454188
Ministerie van Economische Zaken en Klim;EZK;Ministerie;zv%;2019;sep;9;4,2301851809233044
Ministerie van Economische Zaken en Klim;EZK;Ministerie;zv%;2019;okt;10;4,6189011200188110
Ministerie van Economische Zaken en Klim;EZK;Ministerie;zv%;2019;nov;11;4,5089999920438188
Ministerie van Economische Zaken en Klim;EZK;Ministerie;zv%;2019;dec;12;4,4595520184565016
Ministerie van Financien;FIN;Ministerie;zv%;2019;jan;1;6,6056808470430317
Ministerie van Financien;FIN;Ministerie;zv%;2019;feb;2;7,0970471438510732
Ministerie van Financien;FIN;Ministerie;zv%;2019;mrt;3;6,4500105830917276
Ministerie van Financien;FIN;Ministerie;zv%;2019;apr;4;5,9698133177244577
Ministerie van Financien;FIN;Ministerie;zv%;2019;mei;5;5,7074598208020833
Ministerie van Financien;FIN;Ministerie;zv%;2019;jun;6;5,3591850722207273
Ministerie van Financien;FIN;Ministerie;zv%;2019;jul;7;5,4717681301494769
Ministerie van Financien;FIN;Ministerie;zv%;2019;aug;8;5,3557458160064133
Ministerie van Financien;FIN;Ministerie;zv%;2019;sep;9;5,6613025418425806
Ministerie van Financien;FIN;Ministerie;zv%;2019;okt;10;6,2746977750388799
Ministerie van Financien;FIN;Ministerie;zv%;2019;nov;11;6,4390263252344617
Ministerie van Financien;FIN;Ministerie;zv%;2019;dec;12;6,1073194657053724
Ministerie van Infrastructuur en Waterst;I&W;Ministerie;zv%;2019;jan;1;4,7345296686225868
Ministerie van Infrastructuur en Waterst;I&W;Ministerie;zv%;2019;feb;2;5,2130399918387624
Ministerie van Infrastructuur en Waterst;I&W;Ministerie;zv%;2019;mrt;3;4,7917106913188059
Ministerie van Infrastructuur en Waterst;I&W;Ministerie;zv%;2019;apr;4;4,5767227216188244
Ministerie van Infrastructuur en Waterst;I&W;Ministerie;zv%;2019;mei;5;4,1947108204789147
Ministerie van Infrastructuur en Waterst;I&W;Ministerie;zv%;2019;jun;6;4,0831202085413318
Ministerie van Infrastructuur en Waterst;I&W;Ministerie;zv%;2019;jul;7;4,0070822235762762
Ministerie van Infrastructuur en Waterst;I&W;Ministerie;zv%;2019;aug;8;3,8863686045021137
Ministerie van Infrastructuur en Waterst;I&W;Ministerie;zv%;2019;sep;9;4,3159858582929314
Ministerie van Infrastructuur en Waterst;I&W;Ministerie;zv%;2019;okt;10;4,8197731558391359
Ministerie van Infrastructuur en Waterst;I&W;Ministerie;zv%;2019;nov;11;4,9254630620283324
Ministerie van Infrastructuur en Waterst;I&W;Ministerie;zv%;2019;dec;12;4,8502560662710330
Eerste Kamer der Staten-Generaal;EK;Divers;zv%;2019;jan;1;1,4161124394261162
Eerste Kamer der Staten-Generaal;EK;Divers;zv%;2019;feb;2;0,5184049744963470
Eerste Kamer der Staten-Generaal;EK;Divers;zv%;2019;mrt;3;1,0316741196479493
Eerste Kamer der Staten-Generaal;EK;Divers;zv%;2019;apr;4;1,1827278397357117
Eerste Kamer der Staten-Generaal;EK;Divers;zv%;2019;mei;5;1,0990124441260614
Eerste Kamer der Staten-Generaal;EK;Divers;zv%;2019;jun;6;0,5355647878775194
Eerste Kamer der Staten-Generaal;EK;Divers;zv%;2019;jul;7;0,9521568450338753
Eerste Kamer der Staten-Generaal;EK;Divers;zv%;2019;aug;8;0,0897094967304983
Eerste Kamer der Staten-Generaal;EK;Divers;zv%;2019;sep;9;0,8608913554007426
Eerste Kamer der Staten-Generaal;EK;Divers;zv%;2019;okt;10;1,6359694368280306
Eerste Kamer der Staten-Generaal;EK;Divers;zv%;2019;nov;11;1,1023543521791732
Eerste Kamer der Staten-Generaal;EK;Divers;zv%;2019;dec;12;1,5184985112034208
Tweede Kamer der Staten-Generaal;TK;Divers;zv%;2019;jan;1;4,6793675589536772
Tweede Kamer der Staten-Generaal;TK;Divers;zv%;2019;feb;2;4,8306842497097549
Tweede Kamer der Staten-Generaal;TK;Divers;zv%;2019;mrt;3;4,4163464999127653
Tweede Kamer der Staten-Generaal;TK;Divers;zv%;2019;apr;4;4,3491840317010757
Tweede Kamer der Staten-Generaal;TK;Divers;zv%;2019;mei;5;3,7481813672601030
Tweede Kamer der Staten-Generaal;TK;Divers;zv%;2019;jun;6;3,5898438003289770
Tweede Kamer der Staten-Generaal;TK;Divers;zv%;2019;jul;7;3,4807656632998341
Tweede Kamer der Staten-Generaal;TK;Divers;zv%;2019;aug;8;3,4101253721805915
Tweede Kamer der Staten-Generaal;TK;Divers;zv%;2019;sep;9;4,1162163418521818
Tweede Kamer der Staten-Generaal;TK;Divers;zv%;2019;okt;10;4,4500259756989768
Tweede Kamer der Staten-Generaal;TK;Divers;zv%;2019;nov;11;4,7660847520755487
Tweede Kamer der Staten-Generaal;TK;Divers;zv%;2019;dec;12;4,6493025357538595
Ministerie van LNV;LNV;Ministerie;zv%;2019;jan;1;5,3577786060473063
Ministerie van LNV;LNV;Ministerie;zv%;2019;feb;2;6,1411344229570259
Ministerie van LNV;LNV;Ministerie;zv%;2019;mrt;3;5,9931495448254584
Ministerie van LNV;LNV;Ministerie;zv%;2019;apr;4;5,6247579263573364
Ministerie van LNV;LNV;Ministerie;zv%;2019;mei;5;5,0292514272640902
Ministerie van LNV;LNV;Ministerie;zv%;2019;jun;6;4,9203947421628609
Ministerie van LNV;LNV;Ministerie;zv%;2019;jul;7;4,9699346142408238
Ministerie van LNV;LNV;Ministerie;zv%;2019;aug;8;5,0180943250894741
Ministerie van LNV;LNV;Ministerie;zv%;2019;sep;9;5,5271181209210507
Ministerie van LNV;LNV;Ministerie;zv%;2019;okt;10;5,8238709725580105
Ministerie van LNV;LNV;Ministerie;zv%;2019;nov;11;6,0638450225700620
Ministerie van LNV;LNV;Ministerie;zv%;2019;dec;12;5,6316459659373592
Autoriteit Persoonsgegevens;AP;Divers;zv%;2019;jan;1;7,0844490816064791
Autoriteit Persoonsgegevens;AP;Divers;zv%;2019;feb;2;8,1435019800671835
Autoriteit Persoonsgegevens;AP;Divers;zv%;2019;mrt;3;6,2092542504086321
Autoriteit Persoonsgegevens;AP;Divers;zv%;2019;apr;4;6,1690051230720586
Autoriteit Persoonsgegevens;AP;Divers;zv%;2019;mei;5;4,3705964525278329
Autoriteit Persoonsgegevens;AP;Divers;zv%;2019;jun;6;3,3750731772094840
Autoriteit Persoonsgegevens;AP;Divers;zv%;2019;jul;7;4,4987590905190782
Autoriteit Persoonsgegevens;AP;Divers;zv%;2019;aug;8;5,4496626594798787
Autoriteit Persoonsgegevens;AP;Divers;zv%;2019;sep;9;5,8540546943435610
Autoriteit Persoonsgegevens;AP;Divers;zv%;2019;okt;10;6,6413424450381902
Autoriteit Persoonsgegevens;AP;Divers;zv%;2019;nov;11;5,8464290300352495
Autoriteit Persoonsgegevens;AP;Divers;zv%;2019;dec;12;6,1172989921092755
Bureau Financieel Toezicht;BFT;Divers;zv%;2019;jan;1;8,2266992328670003
Bureau Financieel Toezicht;BFT;Divers;zv%;2019;feb;2;8,9294077218762169
Bureau Financieel Toezicht;BFT;Divers;zv%;2019;mrt;3;6,2032362441768480
Bureau Financieel Toezicht;BFT;Divers;zv%;2019;apr;4;7,3939052859763219
Bureau Financieel Toezicht;BFT;Divers;zv%;2019;mei;5;5,3984748582779396
Bureau Financieel Toezicht;BFT;Divers;zv%;2019;jun;6;7,0711418886601365
Bureau Financieel Toezicht;BFT;Divers;zv%;2019;jul;7;6,6031383021183778
Bureau Financieel Toezicht;BFT;Divers;zv%;2019;aug;8;6,1801435839684675
Bureau Financieel Toezicht;BFT;Divers;zv%;2019;sep;9;6,0576410010138195
Bureau Financieel Toezicht;BFT;Divers;zv%;2019;okt;10;6,5474569485995442
Bureau Financieel Toezicht;BFT;Divers;zv%;2019;nov;11;5,7419269014599754
Bureau Financieel Toezicht;BFT;Divers;zv%;2019;dec;12;7,2067792464428591
Buitenlandse zaken;BuZa;Ministerie;zv%;2019;jan;1;1,8600597635930594
Buitenlandse zaken;BuZa;Ministerie;zv%;2019;feb;2;2,1301990490208316
Buitenlandse zaken;BuZa;Ministerie;zv%;2019;mrt;3;1,8066916659780230
Buitenlandse zaken;BuZa;Ministerie;zv%;2019;apr;4;1,7802403979855910
Buitenlandse zaken;BuZa;Ministerie;zv%;2019;mei;5;1,6656068047418580
Buitenlandse zaken;BuZa;Ministerie;zv%;2019;jun;6;1,5491263847492698
Buitenlandse zaken;BuZa;Ministerie;zv%;2019;jul;7;1,6176977077600629
Buitenlandse zaken;BuZa;Ministerie;zv%;2019;aug;8;1,4868872289274546
Buitenlandse zaken;BuZa;Ministerie;zv%;2019;sep;9;1,5534996303397088
Buitenlandse zaken;BuZa;Ministerie;zv%;2019;okt;10;1,7487030909582482
Buitenlandse zaken;BuZa;Ministerie;zv%;2019;nov;11;1,8254871258153986
Buitenlandse zaken;BuZa;Ministerie;zv%;2019;dec;12;1,8419078122720125
Het Rijk;Rijk;Rijk;zv%;2020;jan;1;5,7925296439517533
Het Rijk;Rijk;Rijk;zv%;2020;feb;2;6,0384520824498651
Het Rijk;Rijk;Rijk;zv%;2020;mrt;3;6,5874420489214041
Het Rijk;Rijk;Rijk;zv%;2020;apr;4;5,2384189283352773
Het Rijk;Rijk;Rijk;zv%;2020;mei;5;4,4337333682777951
Het Rijk;Rijk;Rijk;zv%;2020;jun;6;4,3790536823761581
Het Rijk;Rijk;Rijk;zv%;2020;jul;7;4,3819833344223031
Het Rijk;Rijk;Rijk;zv%;2020;aug;8;4,2197205982347983
Het Rijk;Rijk;Rijk;zv%;2020;sep;9;4,5491632078056838
Het Rijk;Rijk;Rijk;zv%;2020;okt;10;5,0659702376282061
Het Rijk;Rijk;Rijk;zv%;2020;nov;11;5,0902437779026011
Het Rijk;Rijk;Rijk;zv%;2020;dec;12;4,9799331090019896
Ministerie van BZK;BZK;Ministerie;zv%;2020;jan;1;5,8380082766634613
Ministerie van BZK;BZK;Ministerie;zv%;2020;feb;2;6,1258389573812844
Ministerie van BZK;BZK;Ministerie;zv%;2020;mrt;3;6,4761916735458058
Ministerie van BZK;BZK;Ministerie;zv%;2020;apr;4;4,9337416827984875
Ministerie van BZK;BZK;Ministerie;zv%;2020;mei;5;4,1788930708410108
Ministerie van BZK;BZK;Ministerie;zv%;2020;jun;6;4,2995908429045517
Ministerie van BZK;BZK;Ministerie;zv%;2020;jul;7;4,2924114822876467
Ministerie van BZK;BZK;Ministerie;zv%;2020;aug;8;3,9576640669507426
Ministerie van BZK;BZK;Ministerie;zv%;2020;sep;9;4,1625515492217948
Ministerie van BZK;BZK;Ministerie;zv%;2020;okt;10;4,7955662617797188
Ministerie van BZK;BZK;Ministerie;zv%;2020;nov;11;4,6949005428302035
Ministerie van BZK;BZK;Ministerie;zv%;2020;dec;12;4,4531717025833792
Ministerie van AZ;AZ;Ministerie;zv%;2020;jan;1;2,6938659738936339
Ministerie van AZ;AZ;Ministerie;zv%;2020;feb;2;3,1071190112610245
Ministerie van AZ;AZ;Ministerie;zv%;2020;mrt;3;5,1319565624782353
Ministerie van AZ;AZ;Ministerie;zv%;2020;apr;4;2,9967702422236235
Ministerie van AZ;AZ;Ministerie;zv%;2020;mei;5;2,4759732483818833
Ministerie van AZ;AZ;Ministerie;zv%;2020;jun;6;3,0363494460982472
Ministerie van AZ;AZ;Ministerie;zv%;2020;jul;7;3,5235427579719003
Ministerie van AZ;AZ;Ministerie;zv%;2020;aug;8;2,8229069923803802
Ministerie van AZ;AZ;Ministerie;zv%;2020;sep;9;3,9604223224320751
Ministerie van AZ;AZ;Ministerie;zv%;2020;okt;10;5,2212998796297203
Ministerie van AZ;AZ;Ministerie;zv%;2020;nov;11;4,7783180163422170
Ministerie van AZ;AZ;Ministerie;zv%;2020;dec;12;4,9187910323440276
Concern Justitie en Veiligheid;J&V;Ministerie;zv%;2020;jan;1;6,4023709707837861
Concern Justitie en Veiligheid;J&V;Ministerie;zv%;2020;feb;2;6,6757518566793683
Concern Justitie en Veiligheid;J&V;Ministerie;zv%;2020;mrt;3;7,7701166771995140
Concern Justitie en Veiligheid;J&V;Ministerie;zv%;2020;apr;4;6,3383985294419753
Concern Justitie en Veiligheid;J&V;Ministerie;zv%;2020;mei;5;5,2408106053364900
Concern Justitie en Veiligheid;J&V;Ministerie;zv%;2020;jun;6;5,1270809440580072
Concern Justitie en Veiligheid;J&V;Ministerie;zv%;2020;jul;7;5,0870629601258086
Concern Justitie en Veiligheid;J&V;Ministerie;zv%;2020;aug;8;4,9488803989355743
Concern Justitie en Veiligheid;J&V;Ministerie;zv%;2020;sep;9;5,2792407056532431
Concern Justitie en Veiligheid;J&V;Ministerie;zv%;2020;okt;10;5,8887205850190698
Concern Justitie en Veiligheid;J&V;Ministerie;zv%;2020;nov;11;5,9669255284965210
Concern Justitie en Veiligheid;J&V;Ministerie;zv%;2020;dec;12;5,9134996472306671
Hoge Colleges van Staat;HCvS;Divers;zv%;2020;jan;1;5,3866690102111034
Hoge Colleges van Staat;HCvS;Divers;zv%;2020;feb;2;5,2086695969251693
Hoge Colleges van Staat;HCvS;Divers;zv%;2020;mrt;3;5,1922528078574715
Hoge Colleges van Staat;HCvS;Divers;zv%;2020;apr;4;4,4014651135567160
Hoge Colleges van Staat;HCvS;Divers;zv%;2020;mei;5;4,5225610661189481
Hoge Colleges van Staat;HCvS;Divers;zv%;2020;jun;6;4,7500377407638732
Hoge Colleges van Staat;HCvS;Divers;zv%;2020;jul;7;4,9643982390062895
Hoge Colleges van Staat;HCvS;Divers;zv%;2020;aug;8;4,8972069704025909
Hoge Colleges van Staat;HCvS;Divers;zv%;2020;sep;9;4,2456200155803243
Hoge Colleges van Staat;HCvS;Divers;zv%;2020;okt;10;4,7647276556711109
Hoge Colleges van Staat;HCvS;Divers;zv%;2020;nov;11;4,2716808579441050
Hoge Colleges van Staat;HCvS;Divers;zv%;2020;dec;12;3,8482586919669242
Ministerie van Sociale Zaken en Werkgele;SZW;Ministerie;zv%;2020;jan;1;6,8847071466756375
Ministerie van Sociale Zaken en Werkgele;SZW;Ministerie;zv%;2020;feb;2;7,1062414113881305
Ministerie van Sociale Zaken en Werkgele;SZW;Ministerie;zv%;2020;mrt;3;7,6571079414948482
Ministerie van Sociale Zaken en Werkgele;SZW;Ministerie;zv%;2020;apr;4;6,1690731508611893
Ministerie van Sociale Zaken en Werkgele;SZW;Ministerie;zv%;2020;mei;5;5,2353675994562217
Ministerie van Sociale Zaken en Werkgele;SZW;Ministerie;zv%;2020;jun;6;5,1153859769613055
Ministerie van Sociale Zaken en Werkgele;SZW;Ministerie;zv%;2020;jul;7;5,1904981444170071
Ministerie van Sociale Zaken en Werkgele;SZW;Ministerie;zv%;2020;aug;8;4,9501502003477862
Ministerie van Sociale Zaken en Werkgele;SZW;Ministerie;zv%;2020;sep;9;5,1071228246791360
Ministerie van Sociale Zaken en Werkgele;SZW;Ministerie;zv%;2020;okt;10;5,5309734745181984
Ministerie van Sociale Zaken en Werkgele;SZW;Ministerie;zv%;2020;nov;11;5,5055188564401698
Ministerie van Sociale Zaken en Werkgele;SZW;Ministerie;zv%;2020;dec;12;5,4229153994515773
Ministerie van OCW;OCW;Ministerie;zv%;2020;jan;1;5,9287734646144479
Ministerie van OCW;OCW;Ministerie;zv%;2020;feb;2;6,2078036081812851
Ministerie van OCW;OCW;Ministerie;zv%;2020;mrt;3;5,8002884078166739
Ministerie van OCW;OCW;Ministerie;zv%;2020;apr;4;4,4032591969212209
Ministerie van OCW;OCW;Ministerie;zv%;2020;mei;5;3,9796230045208238
Ministerie van OCW;OCW;Ministerie;zv%;2020;jun;6;4,1849435771794790
Ministerie van OCW;OCW;Ministerie;zv%;2020;jul;7;4,2561447177475573
Ministerie van OCW;OCW;Ministerie;zv%;2020;aug;8;4,1062193607910924
Ministerie van OCW;OCW;Ministerie;zv%;2020;sep;9;4,5318960174436143
Ministerie van OCW;OCW;Ministerie;zv%;2020;okt;10;4,8872617900910136
Ministerie van OCW;OCW;Ministerie;zv%;2020;nov;11;5,0837696362865286
Ministerie van OCW;OCW;Ministerie;zv%;2020;dec;12;4,9352954820809902
Ministerie van V.W.S.;VWS;Ministerie;zv%;2020;jan;1;4,8894729851484682
Ministerie van V.W.S.;VWS;Ministerie;zv%;2020;feb;2;5,2002289402650330
Ministerie van V.W.S.;VWS;Ministerie;zv%;2020;mrt;3;5,0844774097343306
Ministerie van V.W.S.;VWS;Ministerie;zv%;2020;apr;4;4,1333241126872737
Ministerie van V.W.S.;VWS;Ministerie;zv%;2020;mei;5;3,5502034141232128
Ministerie van V.W.S.;VWS;Ministerie;zv%;2020;jun;6;3,4242536459451096
Ministerie van V.W.S.;VWS;Ministerie;zv%;2020;jul;7;3,4311381658132674
Ministerie van V.W.S.;VWS;Ministerie;zv%;2020;aug;8;3,3005115944667551
Ministerie van V.W.S.;VWS;Ministerie;zv%;2020;sep;9;3,5757178334287052
Ministerie van V.W.S.;VWS;Ministerie;zv%;2020;okt;10;4,0723635737547061
Ministerie van V.W.S.;VWS;Ministerie;zv%;2020;nov;11;3,9686820619965881
Ministerie van V.W.S.;VWS;Ministerie;zv%;2020;dec;12;3,8917809769383243
Ministerie van Economische Zaken en Klim;EZK;Ministerie;zv%;2020;jan;1;4,6792699524211114
Ministerie van Economische Zaken en Klim;EZK;Ministerie;zv%;2020;feb;2;4,7606178929455290
Ministerie van Economische Zaken en Klim;EZK;Ministerie;zv%;2020;mrt;3;4,4727273644930738
Ministerie van Economische Zaken en Klim;EZK;Ministerie;zv%;2020;apr;4;3,4016006971239063
Ministerie van Economische Zaken en Klim;EZK;Ministerie;zv%;2020;mei;5;2,7947870929398757
Ministerie van Economische Zaken en Klim;EZK;Ministerie;zv%;2020;jun;6;2,8046668202269065
Ministerie van Economische Zaken en Klim;EZK;Ministerie;zv%;2020;jul;7;2,9760613269954028
Ministerie van Economische Zaken en Klim;EZK;Ministerie;zv%;2020;aug;8;2,8116256236446495
Ministerie van Economische Zaken en Klim;EZK;Ministerie;zv%;2020;sep;9;3,1376664693052310
Ministerie van Economische Zaken en Klim;EZK;Ministerie;zv%;2020;okt;10;3,4239517154036578
Ministerie van Economische Zaken en Klim;EZK;Ministerie;zv%;2020;nov;11;3,4687220727277044
Ministerie van Economische Zaken en Klim;EZK;Ministerie;zv%;2020;dec;12;3,3163908790381598
Ministerie van Financien;FIN;Ministerie;zv%;2020;jan;1;6,3650291592541741
Ministerie van Financien;FIN;Ministerie;zv%;2020;feb;2;6,6933611738660970
Ministerie van Financien;FIN;Ministerie;zv%;2020;mrt;3;7,2420154521908993
Ministerie van Financien;FIN;Ministerie;zv%;2020;apr;4;5,7344298471000883
Ministerie van Financien;FIN;Ministerie;zv%;2020;mei;5;4,9568216519912873
Ministerie van Financien;FIN;Ministerie;zv%;2020;jun;6;4,9509529449482912
Ministerie van Financien;FIN;Ministerie;zv%;2020;jul;7;4,9591809577718120
Ministerie van Financien;FIN;Ministerie;zv%;2020;aug;8;4,7883947347695521
Ministerie van Financien;FIN;Ministerie;zv%;2020;sep;9;5,1889726781242409
Ministerie van Financien;FIN;Ministerie;zv%;2020;okt;10;5,6696484732383086
Ministerie van Financien;FIN;Ministerie;zv%;2020;nov;11;5,7242741612978172
Ministerie van Financien;FIN;Ministerie;zv%;2020;dec;12;5,5764549044758596
Ministerie van Infrastructuur en Waterst;I&W;Ministerie;zv%;2020;jan;1;5,0929998636187319
Ministerie van Infrastructuur en Waterst;I&W;Ministerie;zv%;2020;feb;2;5,1875025037566456
Ministerie van Infrastructuur en Waterst;I&W;Ministerie;zv%;2020;mrt;3;5,4399885874995135
Ministerie van Infrastructuur en Waterst;I&W;Ministerie;zv%;2020;apr;4;4,0858383092979400
Ministerie van Infrastructuur en Waterst;I&W;Ministerie;zv%;2020;mei;5;3,6071095440889085
Ministerie van Infrastructuur en Waterst;I&W;Ministerie;zv%;2020;jun;6;3,3909022490778002
Ministerie van Infrastructuur en Waterst;I&W;Ministerie;zv%;2020;jul;7;3,3067605720764215
Ministerie van Infrastructuur en Waterst;I&W;Ministerie;zv%;2020;aug;8;3,1562477070346091
Ministerie van Infrastructuur en Waterst;I&W;Ministerie;zv%;2020;sep;9;3,5264462668846073
Ministerie van Infrastructuur en Waterst;I&W;Ministerie;zv%;2020;okt;10;4,0122795855090256
Ministerie van Infrastructuur en Waterst;I&W;Ministerie;zv%;2020;nov;11;4,0426567117395775
Ministerie van Infrastructuur en Waterst;I&W;Ministerie;zv%;2020;dec;12;3,9032079030038074
Eerste Kamer der Staten-Generaal;EK;Divers;zv%;2020;jan;1;0,5158204889481280
Eerste Kamer der Staten-Generaal;EK;Divers;zv%;2020;feb;2;2,5818595012831391
Eerste Kamer der Staten-Generaal;EK;Divers;zv%;2020;mrt;3;1,7622390862062769
Eerste Kamer der Staten-Generaal;EK;Divers;zv%;2020;apr;4;1,5013417447389483
Eerste Kamer der Staten-Generaal;EK;Divers;zv%;2020;mei;5;0,4142931123770067
Eerste Kamer der Staten-Generaal;EK;Divers;zv%;2020;jun;6;1,2512488949568183
Eerste Kamer der Staten-Generaal;EK;Divers;zv%;2020;jul;7;1,8931473609878611
Eerste Kamer der Staten-Generaal;EK;Divers;zv%;2020;aug;8;1,7471956411790901
Eerste Kamer der Staten-Generaal;EK;Divers;zv%;2020;sep;9;2,2462699568198503
Eerste Kamer der Staten-Generaal;EK;Divers;zv%;2020;okt;10;2,1354373972755822
Eerste Kamer der Staten-Generaal;EK;Divers;zv%;2020;nov;11;1,7939435773542458
Eerste Kamer der Staten-Generaal;EK;Divers;zv%;2020;dec;12;4,4992544870213811
Tweede Kamer der Staten-Generaal;TK;Divers;zv%;2020;jan;1;4,4875952174988889
Tweede Kamer der Staten-Generaal;TK;Divers;zv%;2020;feb;2;4,2836957366759236
Tweede Kamer der Staten-Generaal;TK;Divers;zv%;2020;mrt;3;4,5130158133452971
Tweede Kamer der Staten-Generaal;TK;Divers;zv%;2020;apr;4;3,6887676113589287
Tweede Kamer der Staten-Generaal;TK;Divers;zv%;2020;mei;5;2,9481015465987137
Tweede Kamer der Staten-Generaal;TK;Divers;zv%;2020;jun;6;3,2363415614589153
Tweede Kamer der Staten-Generaal;TK;Divers;zv%;2020;jul;7;2,8383745147944071
Tweede Kamer der Staten-Generaal;TK;Divers;zv%;2020;aug;8;2,7795132087683738
Tweede Kamer der Staten-Generaal;TK;Divers;zv%;2020;sep;9;3,4331419059231298
Tweede Kamer der Staten-Generaal;TK;Divers;zv%;2020;okt;10;4,1419702407732828
Tweede Kamer der Staten-Generaal;TK;Divers;zv%;2020;nov;11;3,6383275897324516
Tweede Kamer der Staten-Generaal;TK;Divers;zv%;2020;dec;12;3,9661050019736712
Ministerie van LNV;LNV;Ministerie;zv%;2020;jan;1;6,1727906851581960
Ministerie van LNV;LNV;Ministerie;zv%;2020;feb;2;6,4807017159043152
Ministerie van LNV;LNV;Ministerie;zv%;2020;mrt;3;7,0692312811179248
Ministerie van LNV;LNV;Ministerie;zv%;2020;apr;4;6,0150542775692157
Ministerie van LNV;LNV;Ministerie;zv%;2020;mei;5;4,4836670472235989
Ministerie van LNV;LNV;Ministerie;zv%;2020;jun;6;4,3142865941670960
Ministerie van LNV;LNV;Ministerie;zv%;2020;jul;7;4,4799645607309158
Ministerie van LNV;LNV;Ministerie;zv%;2020;aug;8;4,0682505790948884
Ministerie van LNV;LNV;Ministerie;zv%;2020;sep;9;4,2946400612549107
Ministerie van LNV;LNV;Ministerie;zv%;2020;okt;10;4,9028303624799889
Ministerie van LNV;LNV;Ministerie;zv%;2020;nov;11;4,7839165221422553
Ministerie van LNV;LNV;Ministerie;zv%;2020;dec;12;4,6648757220437691
Autoriteit Persoonsgegevens;AP;Divers;zv%;2020;jan;1;5,1967516575368053
Autoriteit Persoonsgegevens;AP;Divers;zv%;2020;feb;2;5,0768065421153841
Autoriteit Persoonsgegevens;AP;Divers;zv%;2020;mrt;3;5,6997995917547284
Autoriteit Persoonsgegevens;AP;Divers;zv%;2020;apr;4;4,4010516642259097
Autoriteit Persoonsgegevens;AP;Divers;zv%;2020;mei;5;4,3205514811616768
Autoriteit Persoonsgegevens;AP;Divers;zv%;2020;jun;6;4,9962758578391240
Autoriteit Persoonsgegevens;AP;Divers;zv%;2020;jul;7;5,6231724413499355
Autoriteit Persoonsgegevens;AP;Divers;zv%;2020;aug;8;6,1674203312838580
Autoriteit Persoonsgegevens;AP;Divers;zv%;2020;sep;9;6,3948439644295654
Autoriteit Persoonsgegevens;AP;Divers;zv%;2020;okt;10;7,9327336651390556
Autoriteit Persoonsgegevens;AP;Divers;zv%;2020;nov;11;5,2327172484976456
Autoriteit Persoonsgegevens;AP;Divers;zv%;2020;dec;12;4,4517454179128508
Bureau Financieel Toezicht;BFT;Divers;zv%;2020;jan;1;7,6375948222314483
Bureau Financieel Toezicht;BFT;Divers;zv%;2020;feb;2;5,6789967669626993
Bureau Financieel Toezicht;BFT;Divers;zv%;2020;mrt;3;7,1458879952663095
Bureau Financieel Toezicht;BFT;Divers;zv%;2020;apr;4;7,5647990486229357
Bureau Financieel Toezicht;BFT;Divers;zv%;2020;mei;5;6,2098596612061145
Bureau Financieel Toezicht;BFT;Divers;zv%;2020;jun;6;6,0832748902568898
Bureau Financieel Toezicht;BFT;Divers;zv%;2020;jul;7;6,5870755368165046
Bureau Financieel Toezicht;BFT;Divers;zv%;2020;aug;8;6,0313494841076727
Bureau Financieel Toezicht;BFT;Divers;zv%;2020;sep;9;5,6130766235886620
Bureau Financieel Toezicht;BFT;Divers;zv%;2020;okt;10;7,5733101920218386
Bureau Financieel Toezicht;BFT;Divers;zv%;2020;nov;11;6,5236803436193060
Bureau Financieel Toezicht;BFT;Divers;zv%;2020;dec;12;6,7712038268435757
Raad van State;RvS;Divers;zv%;2020;jan;1;3,9327476794471119
Raad van State;RvS;Divers;zv%;2020;feb;2;4,2525529965572266
Raad van State;RvS;Divers;zv%;2020;mrt;3;5,5658442135317712
Raad van State;RvS;Divers;zv%;2020;apr;4;3,9292275237037781
Raad van State;RvS;Divers;zv%;2020;mei;5;3,2690235278937112
Raad van State;RvS;Divers;zv%;2020;jun;6;3,2535595567393858
Raad van State;RvS;Divers;zv%;2020;jul;7;3,4854316035088182
Raad van State;RvS;Divers;zv%;2020;aug;8;3,5446169683931963
Raad van State;RvS;Divers;zv%;2020;sep;9;3,5579380622608823
Raad van State;RvS;Divers;zv%;2020;okt;10;4,2743164426866791
Raad van State;RvS;Divers;zv%;2020;nov;11;3,5961911536847637
Raad van State;RvS;Divers;zv%;2020;dec;12;4,0939528566558989
Buitenlandse zaken;BuZa;Ministerie;zv%;2020;jan;1;2,0304214746002929
Buitenlandse zaken;BuZa;Ministerie;zv%;2020;feb;2;2,0702014841586340
Buitenlandse zaken;BuZa;Ministerie;zv%;2020;mrt;3;2,0659260587191226
Buitenlandse zaken;BuZa;Ministerie;zv%;2020;apr;4;1,5952275682692780
Buitenlandse zaken;BuZa;Ministerie;zv%;2020;mei;5;1,4961304068481247
Buitenlandse zaken;BuZa;Ministerie;zv%;2020;jun;6;1,4398976690132694
Buitenlandse zaken;BuZa;Ministerie;zv%;2020;jul;7;1,4746612096064982
Buitenlandse zaken;BuZa;Ministerie;zv%;2020;aug;8;1,5084664528885174
Buitenlandse zaken;BuZa;Ministerie;zv%;2020;sep;9;1,6576573421581908
Buitenlandse zaken;BuZa;Ministerie;zv%;2020;okt;10;1,8920763270181851
Buitenlandse zaken;BuZa;Ministerie;zv%;2020;nov;11;1,9075779173996292
Buitenlandse zaken;BuZa;Ministerie;zv%;2020;dec;12;1,7227051556811062
Het Rijk;Rijk;Rijk;zv%;2021;jan;1;4,8586102556566333
Het Rijk;Rijk;Rijk;zv%;2021;feb;2;4,9774927563475586
Het Rijk;Rijk;Rijk;zv%;2021;mrt;3;5,2132864972613708
Het Rijk;Rijk;Rijk;zv%;2021;apr;4;5,3802988831876783
Het Rijk;Rijk;Rijk;zv%;2021;mei;5;5,1287099877148536
Het Rijk;Rijk;Rijk;zv%;2021;jun;6;5,0522778054661810
Het Rijk;Rijk;Rijk;zv%;2021;jul;7;5,1629677191690879
Het Rijk;Rijk;Rijk;zv%;2021;aug;8;4,8732172644603349
Het Rijk;Rijk;Rijk;zv%;2021;sep;9;5,1395750538579650
Het Rijk;Rijk;Rijk;zv%;2021;okt;10;5,7874087155290557
Het Rijk;Rijk;Rijk;zv%;2021;nov;11;6,3911658466242889
Het Rijk;Rijk;Rijk;zv%;2021;dec;12;6,0522879682557456
Ministerie van BZK;BZK;Ministerie;zv%;2021;jan;1;4,3581705344892914
Ministerie van BZK;BZK;Ministerie;zv%;2021;feb;2;4,5242225112083734
Ministerie van BZK;BZK;Ministerie;zv%;2021;mrt;3;4,9069708224102806
Ministerie van BZK;BZK;Ministerie;zv%;2021;apr;4;5,1760027137698268
Ministerie van BZK;BZK;Ministerie;zv%;2021;mei;5;5,1112241077456035
Ministerie van BZK;BZK;Ministerie;zv%;2021;jun;6;5,0783067612634012
Ministerie van BZK;BZK;Ministerie;zv%;2021;jul;7;4,8886498137693346
Ministerie van BZK;BZK;Ministerie;zv%;2021;aug;8;4,6307680372492550
Ministerie van BZK;BZK;Ministerie;zv%;2021;sep;9;4,9298746555694644
Ministerie van BZK;BZK;Ministerie;zv%;2021;okt;10;5,5952861703186008
Ministerie van BZK;BZK;Ministerie;zv%;2021;nov;11;6,2360710750703614
Ministerie van BZK;BZK;Ministerie;zv%;2021;dec;12;5,8708568737214355
Ministerie van AZ;AZ;Ministerie;zv%;2021;jan;1;4,2414914387448537
Ministerie van AZ;AZ;Ministerie;zv%;2021;feb;2;3,9056154412988957
Ministerie van AZ;AZ;Ministerie;zv%;2021;mrt;3;3,7399951519974421
Ministerie van AZ;AZ;Ministerie;zv%;2021;apr;4;3,8150936999717486
Ministerie van AZ;AZ;Ministerie;zv%;2021;mei;5;4,4466582643392449
Ministerie van AZ;AZ;Ministerie;zv%;2021;jun;6;4,1488182290571416
Ministerie van AZ;AZ;Ministerie;zv%;2021;jul;7;4,3591534253582775
Ministerie van AZ;AZ;Ministerie;zv%;2021;aug;8;4,2639506234574185
Ministerie van AZ;AZ;Ministerie;zv%;2021;sep;9;4,3537877619463030
Ministerie van AZ;AZ;Ministerie;zv%;2021;okt;10;4,0538692179100044
Ministerie van AZ;AZ;Ministerie;zv%;2021;nov;11;4,1154129416376533
Ministerie van AZ;AZ;Ministerie;zv%;2021;dec;12;4,5210363867414891
Concern Justitie en Veiligheid;J&V;Ministerie;zv%;2021;jan;1;5,7407957146532729
Concern Justitie en Veiligheid;J&V;Ministerie;zv%;2021;feb;2;5,8035865470243682
Concern Justitie en Veiligheid;J&V;Ministerie;zv%;2021;mrt;3;6,0405991132281178
Concern Justitie en Veiligheid;J&V;Ministerie;zv%;2021;apr;4;6,2050931252921639
Concern Justitie en Veiligheid;J&V;Ministerie;zv%;2021;mei;5;5,8690480549882285
Concern Justitie en Veiligheid;J&V;Ministerie;zv%;2021;jun;6;5,7632213926473987
Concern Justitie en Veiligheid;J&V;Ministerie;zv%;2021;jul;7;5,8979694338128690
Concern Justitie en Veiligheid;J&V;Ministerie;zv%;2021;aug;8;5,5416473488436742
Concern Justitie en Veiligheid;J&V;Ministerie;zv%;2021;sep;9;5,8143375140304423
Concern Justitie en Veiligheid;J&V;Ministerie;zv%;2021;okt;10;6,5756236611602779
Concern Justitie en Veiligheid;J&V;Ministerie;zv%;2021;nov;11;7,3190192605752360
Concern Justitie en Veiligheid;J&V;Ministerie;zv%;2021;dec;12;7,1375939282895162
Hoge Colleges van Staat;HCvS;Divers;zv%;2021;jan;1;3,3123183054101077
Hoge Colleges van Staat;HCvS;Divers;zv%;2021;feb;2;2,9640731968522358
Hoge Colleges van Staat;HCvS;Divers;zv%;2021;mrt;3;3,2612818360825075
Hoge Colleges van Staat;HCvS;Divers;zv%;2021;apr;4;3,7275685141628916
Hoge Colleges van Staat;HCvS;Divers;zv%;2021;mei;5;2,7521299867615467
Hoge Colleges van Staat;HCvS;Divers;zv%;2021;jun;6;3,0851875475603596
Hoge Colleges van Staat;HCvS;Divers;zv%;2021;jul;7;3,5126146700888001
Hoge Colleges van Staat;HCvS;Divers;zv%;2021;aug;8;2,8983807552965462
Hoge Colleges van Staat;HCvS;Divers;zv%;2021;sep;9;3,1638983609237066
Hoge Colleges van Staat;HCvS;Divers;zv%;2021;okt;10;3,4182016800821668
Hoge Colleges van Staat;HCvS;Divers;zv%;2021;nov;11;4,4531399868588979
Hoge Colleges van Staat;HCvS;Divers;zv%;2021;dec;12;4,1419912784753281
Ministerie van Sociale Zaken en Werkgele;SZW;Ministerie;zv%;2021;jan;1;5,4376808611601044
Ministerie van Sociale Zaken en Werkgele;SZW;Ministerie;zv%;2021;feb;2;5,7169094338900415
Ministerie van Sociale Zaken en Werkgele;SZW;Ministerie;zv%;2021;mrt;3;5,8427005100104967
Ministerie van Sociale Zaken en Werkgele;SZW;Ministerie;zv%;2021;apr;4;5,8741666696253230
Ministerie van Sociale Zaken en Werkgele;SZW;Ministerie;zv%;2021;mei;5;5,8861282276683413
Ministerie van Sociale Zaken en Werkgele;SZW;Ministerie;zv%;2021;jun;6;6,0441267523756688
Ministerie van Sociale Zaken en Werkgele;SZW;Ministerie;zv%;2021;jul;7;6,0684021513597957
Ministerie van Sociale Zaken en Werkgele;SZW;Ministerie;zv%;2021;aug;8;5,7259940043482578
Ministerie van Sociale Zaken en Werkgele;SZW;Ministerie;zv%;2021;sep;9;5,9773269020092012
Ministerie van Sociale Zaken en Werkgele;SZW;Ministerie;zv%;2021;okt;10;6,5151055675247553
Ministerie van Sociale Zaken en Werkgele;SZW;Ministerie;zv%;2021;nov;11;7,4486811552121770
Ministerie van Sociale Zaken en Werkgele;SZW;Ministerie;zv%;2021;dec;12;6,8441928280258546
Ministerie van OCW;OCW;Ministerie;zv%;2021;jan;1;4,7932689440240326
Ministerie van OCW;OCW;Ministerie;zv%;2021;feb;2;4,9361197994536896
Ministerie van OCW;OCW;Ministerie;zv%;2021;mrt;3;5,2650685429106225
Ministerie van OCW;OCW;Ministerie;zv%;2021;apr;4;5,6095761186247142
Ministerie van OCW;OCW;Ministerie;zv%;2021;mei;5;5,2749559014836098
Ministerie van OCW;OCW;Ministerie;zv%;2021;jun;6;5,1770893002338401
Ministerie van OCW;OCW;Ministerie;zv%;2021;jul;7;5,3996538291502532
Ministerie van OCW;OCW;Ministerie;zv%;2021;aug;8;4,9672020690937115
Ministerie van OCW;OCW;Ministerie;zv%;2021;sep;9;5,2971475249429574
Ministerie van OCW;OCW;Ministerie;zv%;2021;okt;10;5,8472946362888329
Ministerie van OCW;OCW;Ministerie;zv%;2021;nov;11;6,2794941863487352
Ministerie van OCW;OCW;Ministerie;zv%;2021;dec;12;5,9749386062372025
Ministerie van V.W.S.;VWS;Ministerie;zv%;2021;jan;1;3,7476469345724852
Ministerie van V.W.S.;VWS;Ministerie;zv%;2021;feb;2;3,6581880276278231
Ministerie van V.W.S.;VWS;Ministerie;zv%;2021;mrt;3;3,9776057749322327
Ministerie van V.W.S.;VWS;Ministerie;zv%;2021;apr;4;4,2187281557732597
Ministerie van V.W.S.;VWS;Ministerie;zv%;2021;mei;5;4,0351301262676040
Ministerie van V.W.S.;VWS;Ministerie;zv%;2021;jun;6;3,9033226530952345
Ministerie van V.W.S.;VWS;Ministerie;zv%;2021;jul;7;4,1000390713366972
Ministerie van V.W.S.;VWS;Ministerie;zv%;2021;aug;8;3,7782966354891174
Ministerie van V.W.S.;VWS;Ministerie;zv%;2021;sep;9;3,9125843260452307
Ministerie van V.W.S.;VWS;Ministerie;zv%;2021;okt;10;4,6226959573480810
Ministerie van V.W.S.;VWS;Ministerie;zv%;2021;nov;11;4,9390668345257387
Ministerie van V.W.S.;VWS;Ministerie;zv%;2021;dec;12;4,4703139112378674
Ministerie van Economische Zaken en Klim;EZK;Ministerie;zv%;2021;jan;1;3,1300842346735824
Ministerie van Economische Zaken en Klim;EZK;Ministerie;zv%;2021;feb;2;3,2817335888300843
Ministerie van Economische Zaken en Klim;EZK;Ministerie;zv%;2021;mrt;3;3,6377380216289290
Ministerie van Economische Zaken en Klim;EZK;Ministerie;zv%;2021;apr;4;3,7857174486628864
Ministerie van Economische Zaken en Klim;EZK;Ministerie;zv%;2021;mei;5;3,6625140885865028
Ministerie van Economische Zaken en Klim;EZK;Ministerie;zv%;2021;jun;6;3,7834182211683869
Ministerie van Economische Zaken en Klim;EZK;Ministerie;zv%;2021;jul;7;3,8308822993342555
Ministerie van Economische Zaken en Klim;EZK;Ministerie;zv%;2021;aug;8;3,5715407700692077
Ministerie van Economische Zaken en Klim;EZK;Ministerie;zv%;2021;sep;9;3,9370779207900459
Ministerie van Economische Zaken en Klim;EZK;Ministerie;zv%;2021;okt;10;4,3583234955223915
Ministerie van Economische Zaken en Klim;EZK;Ministerie;zv%;2021;nov;11;4,7518842924630134
Ministerie van Economische Zaken en Klim;EZK;Ministerie;zv%;2021;dec;12;4,5298798376177691
Ministerie van Financien;FIN;Ministerie;zv%;2021;jan;1;5,5096137201249284
Ministerie van Financien;FIN;Ministerie;zv%;2021;feb;2;5,6418121226163596
Ministerie van Financien;FIN;Ministerie;zv%;2021;mrt;3;5,8740064109141681
Ministerie van Financien;FIN;Ministerie;zv%;2021;apr;4;6,0082855132094402
Ministerie van Financien;FIN;Ministerie;zv%;2021;mei;5;5,7403702283622691
Ministerie van Financien;FIN;Ministerie;zv%;2021;jun;6;5,6284013121379122
Ministerie van Financien;FIN;Ministerie;zv%;2021;jul;7;5,7415743323018376
Ministerie van Financien;FIN;Ministerie;zv%;2021;aug;8;5,4761414262652206
Ministerie van Financien;FIN;Ministerie;zv%;2021;sep;9;5,7783250513878892
Ministerie van Financien;FIN;Ministerie;zv%;2021;okt;10;6,4993346542530306
Ministerie van Financien;FIN;Ministerie;zv%;2021;nov;11;7,0690419823575423
Ministerie van Financien;FIN;Ministerie;zv%;2021;dec;12;6,5133613111599917
Ministerie van Infrastructuur en Waterst;I&W;Ministerie;zv%;2021;jan;1;3,7551567510459325
Ministerie van Infrastructuur en Waterst;I&W;Ministerie;zv%;2021;feb;2;4,0169757798370469
Ministerie van Infrastructuur en Waterst;I&W;Ministerie;zv%;2021;mrt;3;4,1838334589259345
Ministerie van Infrastructuur en Waterst;I&W;Ministerie;zv%;2021;apr;4;4,4121525973901434
Ministerie van Infrastructuur en Waterst;I&W;Ministerie;zv%;2021;mei;5;4,1104681978330531
Ministerie van Infrastructuur en Waterst;I&W;Ministerie;zv%;2021;jun;6;4,0561148380758549
Ministerie van Infrastructuur en Waterst;I&W;Ministerie;zv%;2021;jul;7;4,1857502401266311
Ministerie van Infrastructuur en Waterst;I&W;Ministerie;zv%;2021;aug;8;3,9528752877773092
Ministerie van Infrastructuur en Waterst;I&W;Ministerie;zv%;2021;sep;9;4,2094999248265088
Ministerie van Infrastructuur en Waterst;I&W;Ministerie;zv%;2021;okt;10;4,7134577844117453
Ministerie van Infrastructuur en Waterst;I&W;Ministerie;zv%;2021;nov;11;5,3889467942677651
Ministerie van Infrastructuur en Waterst;I&W;Ministerie;zv%;2021;dec;12;5,0611086900846978
Eerste Kamer der Staten-Generaal;EK;Divers;zv%;2021;jan;1;4,2862095046783475
Eerste Kamer der Staten-Generaal;EK;Divers;zv%;2021;feb;2;3,3224841585680371
Eerste Kamer der Staten-Generaal;EK;Divers;zv%;2021;mrt;3;3,5434585570301453
Eerste Kamer der Staten-Generaal;EK;Divers;zv%;2021;apr;4;2,6209830416721771
Eerste Kamer der Staten-Generaal;EK;Divers;zv%;2021;mei;5;1,1419256536328333
Eerste Kamer der Staten-Generaal;EK;Divers;zv%;2021;jun;6;1,7388478141017463
Eerste Kamer der Staten-Generaal;EK;Divers;zv%;2021;jul;7;1,6000899721619639
Eerste Kamer der Staten-Generaal;EK;Divers;zv%;2021;aug;8;1,5754671777671299
Eerste Kamer der Staten-Generaal;EK;Divers;zv%;2021;sep;9;1,5667057102402355
Eerste Kamer der Staten-Generaal;EK;Divers;zv%;2021;okt;10;2,2056075021660653
Eerste Kamer der Staten-Generaal;EK;Divers;zv%;2021;nov;11;2,3077712544988467
Eerste Kamer der Staten-Generaal;EK;Divers;zv%;2021;dec;12;2,0183428744254228
Tweede Kamer der Staten-Generaal;TK;Divers;zv%;2021;jan;1;4,2847037429818666
Tweede Kamer der Staten-Generaal;TK;Divers;zv%;2021;feb;2;3,8686507476469756
Tweede Kamer der Staten-Generaal;TK;Divers;zv%;2021;mrt;3;3,5421148421472530
Tweede Kamer der Staten-Generaal;TK;Divers;zv%;2021;apr;4;4,2938271056459856
Tweede Kamer der Staten-Generaal;TK;Divers;zv%;2021;mei;5;3,9712942271162648
Tweede Kamer der Staten-Generaal;TK;Divers;zv%;2021;jun;6;3,9680499111325895
Tweede Kamer der Staten-Generaal;TK;Divers;zv%;2021;jul;7;4,0350671448531719
Tweede Kamer der Staten-Generaal;TK;Divers;zv%;2021;aug;8;3,7684380267364888
Tweede Kamer der Staten-Generaal;TK;Divers;zv%;2021;sep;9;4,4173857587234648
Tweede Kamer der Staten-Generaal;TK;Divers;zv%;2021;okt;10;5,1762212985922122
Tweede Kamer der Staten-Generaal;TK;Divers;zv%;2021;nov;11;5,9414740056268345
Tweede Kamer der Staten-Generaal;TK;Divers;zv%;2021;dec;12;4,8790934400736479
Ministerie van LNV;LNV;Ministerie;zv%;2021;jan;1;4,4146958201708859
Ministerie van LNV;LNV;Ministerie;zv%;2021;feb;2;4,7997766346893638
Ministerie van LNV;LNV;Ministerie;zv%;2021;mrt;3;4,8215707693887673
Ministerie van LNV;LNV;Ministerie;zv%;2021;apr;4;4,8862972226669692
Ministerie van LNV;LNV;Ministerie;zv%;2021;mei;5;4,6461201670779593
Ministerie van LNV;LNV;Ministerie;zv%;2021;jun;6;4,6213059898314253
Ministerie van LNV;LNV;Ministerie;zv%;2021;jul;7;4,8006123310231752
Ministerie van LNV;LNV;Ministerie;zv%;2021;aug;8;4,7456156635417361
Ministerie van LNV;LNV;Ministerie;zv%;2021;sep;9;4,7335440109243301
Ministerie van LNV;LNV;Ministerie;zv%;2021;okt;10;5,3066584132704078
Ministerie van LNV;LNV;Ministerie;zv%;2021;nov;11;5,7893566766994322
Ministerie van LNV;LNV;Ministerie;zv%;2021;dec;12;5,6882854341384279
Autoriteit Persoonsgegevens;AP;Divers;zv%;2021;jan;1;4,7370782157449955
Autoriteit Persoonsgegevens;AP;Divers;zv%;2021;feb;2;6,1917613681491668
Autoriteit Persoonsgegevens;AP;Divers;zv%;2021;mrt;3;6,5286578660225638
Autoriteit Persoonsgegevens;AP;Divers;zv%;2021;apr;4;4,3236619937908989
Autoriteit Persoonsgegevens;AP;Divers;zv%;2021;mei;5;4,4253582082371485
Autoriteit Persoonsgegevens;AP;Divers;zv%;2021;jun;6;5,0141768312759520
Autoriteit Persoonsgegevens;AP;Divers;zv%;2021;jul;7;4,4047826996084236
Autoriteit Persoonsgegevens;AP;Divers;zv%;2021;aug;8;4,3724783670807250
Autoriteit Persoonsgegevens;AP;Divers;zv%;2021;sep;9;5,9548568392578112
Autoriteit Persoonsgegevens;AP;Divers;zv%;2021;okt;10;6,3157836259987334
Autoriteit Persoonsgegevens;AP;Divers;zv%;2021;nov;11;6,0639280288361288
Autoriteit Persoonsgegevens;AP;Divers;zv%;2021;dec;12;6,0740321409955831
Bureau Financieel Toezicht;BFT;Divers;zv%;2021;jan;1;4,7047271883126864
Bureau Financieel Toezicht;BFT;Divers;zv%;2021;feb;2;3,1211014017587972
Bureau Financieel Toezicht;BFT;Divers;zv%;2021;mrt;3;3,5651786724841514
Bureau Financieel Toezicht;BFT;Divers;zv%;2021;apr;4;2,8322816506410255
Bureau Financieel Toezicht;BFT;Divers;zv%;2021;mei;5;2,2842535574666276
Bureau Financieel Toezicht;BFT;Divers;zv%;2021;jun;6;0,9419227315888405
Bureau Financieel Toezicht;BFT;Divers;zv%;2021;jul;7;1,0216704400008327
Bureau Financieel Toezicht;BFT;Divers;zv%;2021;aug;8;0,4326139711981792
Bureau Financieel Toezicht;BFT;Divers;zv%;2021;sep;9;0,6274868719127088
Bureau Financieel Toezicht;BFT;Divers;zv%;2021;okt;10;1,9579218602676101
Bureau Financieel Toezicht;BFT;Divers;zv%;2021;nov;11;2,2399302251823658
Bureau Financieel Toezicht;BFT;Divers;zv%;2021;dec;12;3,2499769804487277
Raad van State;RvS;Divers;zv%;2021;jan;1;5,2477512258959349
Raad van State;RvS;Divers;zv%;2021;feb;2;5,0270044705181611
Raad van State;RvS;Divers;zv%;2021;mrt;3;5,1626318582499389
Raad van State;RvS;Divers;zv%;2021;apr;4;5,0980420782654807
Raad van State;RvS;Divers;zv%;2021;mei;5;4,8494996076471306
Raad van State;RvS;Divers;zv%;2021;jun;6;4,8512672162685941
Raad van State;RvS;Divers;zv%;2021;jul;7;5,2079714718783059
Raad van State;RvS;Divers;zv%;2021;aug;8;5,2110071812036614
Raad van State;RvS;Divers;zv%;2021;sep;9;4,7858768940767051
Raad van State;RvS;Divers;zv%;2021;okt;10;4,9883700641236510
Raad van State;RvS;Divers;zv%;2021;nov;11;5,7685345491541309
Raad van State;RvS;Divers;zv%;2021;dec;12;4,6317197898447215
Buitenlandse zaken;BuZa;Ministerie;zv%;2021;jan;1;1,6858804571185246
Buitenlandse zaken;BuZa;Ministerie;zv%;2021;feb;2;1,7892758526336454
Buitenlandse zaken;BuZa;Ministerie;zv%;2021;mrt;3;1,9485169992489966
Buitenlandse zaken;BuZa;Ministerie;zv%;2021;apr;4;2,0204761057647755
Buitenlandse zaken;BuZa;Ministerie;zv%;2021;mei;5;1,9726194789242388
Buitenlandse zaken;BuZa;Ministerie;zv%;2021;jun;6;1,7624616843217078
Buitenlandse zaken;BuZa;Ministerie;zv%;2021;jul;7;2,0294515098528456
Buitenlandse zaken;BuZa;Ministerie;zv%;2021;aug;8;1,9071099627837407
Buitenlandse zaken;BuZa;Ministerie;zv%;2021;sep;9;1,9824294722121616
Buitenlandse zaken;BuZa;Ministerie;zv%;2021;okt;10;2,2284676669088688
Buitenlandse zaken;BuZa;Ministerie;zv%;2021;nov;11;2,3123532244113822
Buitenlandse zaken;BuZa;Ministerie;zv%;2021;dec;12;2,1233803786649497
Het Rijk;Rijk;Rijk;zv%;2022;jan;1;6,4889869325624625
Het Rijk;Rijk;Rijk;zv%;2022;feb;2;7,1028949946554718
Het Rijk;Rijk;Rijk;zv%;2022;mrt;3;7,5182688031813729
Het Rijk;Rijk;Rijk;zv%;2022;apr;4;6,6424625227726120
Het Rijk;Rijk;Rijk;zv%;2022;mei;5;5,5749844371814365
Het Rijk;Rijk;Rijk;zv%;2022;jun;6;5,8656838998270695
Het Rijk;Rijk;Rijk;zv%;2022;jul;7;6,0917085912296693
Het Rijk;Rijk;Rijk;zv%;2022;aug;8;5,4526967708391112
Ministerie van BZK;BZK;Ministerie;zv%;2022;jan;1;6,3260548690904157
Ministerie van BZK;BZK;Ministerie;zv%;2022;feb;2;7,0210412852661728
Ministerie van BZK;BZK;Ministerie;zv%;2022;mrt;3;7,4064120849574033
Ministerie van BZK;BZK;Ministerie;zv%;2022;apr;4;6,6928663050120978
Ministerie van BZK;BZK;Ministerie;zv%;2022;mei;5;5,5673917963648476
Ministerie van BZK;BZK;Ministerie;zv%;2022;jun;6;5,6847288723346692
Ministerie van BZK;BZK;Ministerie;zv%;2022;jul;7;5,8871420718239733
Ministerie van BZK;BZK;Ministerie;zv%;2022;aug;8;5,2269080116292175
Ministerie van AZ;AZ;Ministerie;zv%;2022;jan;1;5,0284080375486759
Ministerie van AZ;AZ;Ministerie;zv%;2022;feb;2;6,4268875352624288
Ministerie van AZ;AZ;Ministerie;zv%;2022;mrt;3;7,2366439427561167
Ministerie van AZ;AZ;Ministerie;zv%;2022;apr;4;5,9668230196031793
Ministerie van AZ;AZ;Ministerie;zv%;2022;mei;5;4,8390942703656163
Ministerie van AZ;AZ;Ministerie;zv%;2022;jun;6;4,8337272634680675
Ministerie van AZ;AZ;Ministerie;zv%;2022;jul;7;4,8862510354168514
Ministerie van AZ;AZ;Ministerie;zv%;2022;aug;8;4,2256511996916206
Concern Justitie en Veiligheid;J&V;Ministerie;zv%;2022;jan;1;7,6204992244481131
Concern Justitie en Veiligheid;J&V;Ministerie;zv%;2022;feb;2;8,2035126506363820
Concern Justitie en Veiligheid;J&V;Ministerie;zv%;2022;mrt;3;8,4652709817824245
Concern Justitie en Veiligheid;J&V;Ministerie;zv%;2022;apr;4;7,3005367266126058
Concern Justitie en Veiligheid;J&V;Ministerie;zv%;2022;mei;5;6,2628358096247601
Concern Justitie en Veiligheid;J&V;Ministerie;zv%;2022;jun;6;6,4719289640962199
Concern Justitie en Veiligheid;J&V;Ministerie;zv%;2022;jul;7;6,6650850213591530
Concern Justitie en Veiligheid;J&V;Ministerie;zv%;2022;aug;8;6,0370041807844226
Hoge Colleges van Staat;HCvS;Divers;zv%;2022;jan;1;4,2034327604187700
Hoge Colleges van Staat;HCvS;Divers;zv%;2022;feb;2;4,4208852530767038
Hoge Colleges van Staat;HCvS;Divers;zv%;2022;mrt;3;4,5411495567702458
Hoge Colleges van Staat;HCvS;Divers;zv%;2022;apr;4;4,8582501865607295
Hoge Colleges van Staat;HCvS;Divers;zv%;2022;mei;5;3,8661308095215565
Hoge Colleges van Staat;HCvS;Divers;zv%;2022;jun;6;3,5577887746428405
Hoge Colleges van Staat;HCvS;Divers;zv%;2022;jul;7;4,6052585829902606
Hoge Colleges van Staat;HCvS;Divers;zv%;2022;aug;8;4,2837328674475188
Ministerie van Sociale Zaken en Werkgele;SZW;Ministerie;zv%;2022;jan;1;7,5014324072980028
Ministerie van Sociale Zaken en Werkgele;SZW;Ministerie;zv%;2022;feb;2;8,1139477582398989
Ministerie van Sociale Zaken en Werkgele;SZW;Ministerie;zv%;2022;mrt;3;8,2512865465658489
Ministerie van Sociale Zaken en Werkgele;SZW;Ministerie;zv%;2022;apr;4;7,3756317002287544
Ministerie van Sociale Zaken en Werkgele;SZW;Ministerie;zv%;2022;mei;5;6,4050288310521362
Ministerie van Sociale Zaken en Werkgele;SZW;Ministerie;zv%;2022;jun;6;6,9627903371764850
Ministerie van Sociale Zaken en Werkgele;SZW;Ministerie;zv%;2022;jul;7;7,3077406582024009
Ministerie van Sociale Zaken en Werkgele;SZW;Ministerie;zv%;2022;aug;8;6,7446433083081221
Ministerie van OCW;OCW;Ministerie;zv%;2022;jan;1;6,3128716750951428
Ministerie van OCW;OCW;Ministerie;zv%;2022;feb;2;7,1368097368014736
Ministerie van OCW;OCW;Ministerie;zv%;2022;mrt;3;7,4176180226769635
Ministerie van OCW;OCW;Ministerie;zv%;2022;apr;4;6,3824531104842332
Ministerie van OCW;OCW;Ministerie;zv%;2022;mei;5;5,4519013538910208
Ministerie van OCW;OCW;Ministerie;zv%;2022;jun;6;5,9069164158147371
Ministerie van OCW;OCW;Ministerie;zv%;2022;jul;7;5,8528924013506947
Ministerie van OCW;OCW;Ministerie;zv%;2022;aug;8;4,9351373017522908
Ministerie van V.W.S.;VWS;Ministerie;zv%;2022;jan;1;4,6380765618509088
Ministerie van V.W.S.;VWS;Ministerie;zv%;2022;feb;2;5,3434662443347625
Ministerie van V.W.S.;VWS;Ministerie;zv%;2022;mrt;3;5,9709025176918562
Ministerie van V.W.S.;VWS;Ministerie;zv%;2022;apr;4;5,4755796787756736
Ministerie van V.W.S.;VWS;Ministerie;zv%;2022;mei;5;4,5515463607489401
Ministerie van V.W.S.;VWS;Ministerie;zv%;2022;jun;6;5,2934728109204165
Ministerie van V.W.S.;VWS;Ministerie;zv%;2022;jul;7;5,3573263066680736
Ministerie van V.W.S.;VWS;Ministerie;zv%;2022;aug;8;4,9702008810812224
Ministerie van Economische Zaken en Klim;EZK;Ministerie;zv%;2022;jan;1;4,9566889494143274
Ministerie van Economische Zaken en Klim;EZK;Ministerie;zv%;2022;feb;2;5,4866558306888189
Ministerie van Economische Zaken en Klim;EZK;Ministerie;zv%;2022;mrt;3;6,1767266997149974
Ministerie van Economische Zaken en Klim;EZK;Ministerie;zv%;2022;apr;4;5,6245060722094546
Ministerie van Economische Zaken en Klim;EZK;Ministerie;zv%;2022;mei;5;4,4010827005155821
Ministerie van Economische Zaken en Klim;EZK;Ministerie;zv%;2022;jun;6;4,7067135643567255
Ministerie van Economische Zaken en Klim;EZK;Ministerie;zv%;2022;jul;7;4,9218576217603509
Ministerie van Economische Zaken en Klim;EZK;Ministerie;zv%;2022;aug;8;4,4562542653410544
Ministerie van Financien;FIN;Ministerie;zv%;2022;jan;1;7,0405110419365524
Ministerie van Financien;FIN;Ministerie;zv%;2022;feb;2;7,7732285424923653
Ministerie van Financien;FIN;Ministerie;zv%;2022;mrt;3;8,2920871935842406
Ministerie van Financien;FIN;Ministerie;zv%;2022;apr;4;7,4751354488828410
Ministerie van Financien;FIN;Ministerie;zv%;2022;mei;5;6,2434491160871834
Ministerie van Financien;FIN;Ministerie;zv%;2022;jun;6;6,5583792709287092
Ministerie van Financien;FIN;Ministerie;zv%;2022;jul;7;6,8940198709782834
Ministerie van Financien;FIN;Ministerie;zv%;2022;aug;8;6,0964686171053035
Ministerie van Infrastructuur en Waterst;I&W;Ministerie;zv%;2022;jan;1;5,4189261725820135
Ministerie van Infrastructuur en Waterst;I&W;Ministerie;zv%;2022;feb;2;5,9413477461483311
Ministerie van Infrastructuur en Waterst;I&W;Ministerie;zv%;2022;mrt;3;6,5856477923085004
Ministerie van Infrastructuur en Waterst;I&W;Ministerie;zv%;2022;apr;4;5,6689700776060494
Ministerie van Infrastructuur en Waterst;I&W;Ministerie;zv%;2022;mei;5;4,5847810703311520
Ministerie van Infrastructuur en Waterst;I&W;Ministerie;zv%;2022;jun;6;4,8519432704922885
Ministerie van Infrastructuur en Waterst;I&W;Ministerie;zv%;2022;jul;7;5,1825868042359700
Ministerie van Infrastructuur en Waterst;I&W;Ministerie;zv%;2022;aug;8;4,6856619766113203
Eerste Kamer der Staten-Generaal;EK;Divers;zv%;2022;jan;1;1,7949264238590281
Eerste Kamer der Staten-Generaal;EK;Divers;zv%;2022;feb;2;2,8531618348830747
Eerste Kamer der Staten-Generaal;EK;Divers;zv%;2022;mrt;3;1,8531115657203594
Eerste Kamer der Staten-Generaal;EK;Divers;zv%;2022;apr;4;2,7691321170042951
Eerste Kamer der Staten-Generaal;EK;Divers;zv%;2022;mei;5;1,3088854412392366
Eerste Kamer der Staten-Generaal;EK;Divers;zv%;2022;jun;6;1,2189274146318143
Eerste Kamer der Staten-Generaal;EK;Divers;zv%;2022;jul;7;0,9191430577695235
Eerste Kamer der Staten-Generaal;EK;Divers;zv%;2022;aug;8;1,2764930695083454
Tweede Kamer der Staten-Generaal;TK;Divers;zv%;2022;jan;1;5,8996802354867235
Tweede Kamer der Staten-Generaal;TK;Divers;zv%;2022;feb;2;6,0824091348503391
Tweede Kamer der Staten-Generaal;TK;Divers;zv%;2022;mrt;3;5,6521947060749325
Tweede Kamer der Staten-Generaal;TK;Divers;zv%;2022;apr;4;5,1248243599103436
Tweede Kamer der Staten-Generaal;TK;Divers;zv%;2022;mei;5;4,3796946381297728
Tweede Kamer der Staten-Generaal;TK;Divers;zv%;2022;jun;6;4,2018971731660635
Tweede Kamer der Staten-Generaal;TK;Divers;zv%;2022;jul;7;4,2853663750585467
Tweede Kamer der Staten-Generaal;TK;Divers;zv%;2022;aug;8;3,2845816954852651
Ministerie van LNV;LNV;Ministerie;zv%;2022;jan;1;5,7358787165200349
Ministerie van LNV;LNV;Ministerie;zv%;2022;feb;2;6,5123192421503866
Ministerie van LNV;LNV;Ministerie;zv%;2022;mrt;3;7,2141621926304040
Ministerie van LNV;LNV;Ministerie;zv%;2022;apr;4;6,1300532007341761
Ministerie van LNV;LNV;Ministerie;zv%;2022;mei;5;5,0869737215312139
Ministerie van LNV;LNV;Ministerie;zv%;2022;jun;6;5,6945805399767906
Ministerie van LNV;LNV;Ministerie;zv%;2022;jul;7;5,6645682318292057
Ministerie van LNV;LNV;Ministerie;zv%;2022;aug;8;5,0105605503154189
Autoriteit Persoonsgegevens;AP;Divers;zv%;2022;jan;1;6,3696808810391294
Autoriteit Persoonsgegevens;AP;Divers;zv%;2022;feb;2;6,9635146208307690
Autoriteit Persoonsgegevens;AP;Divers;zv%;2022;mrt;3;8,0877034091093627
Autoriteit Persoonsgegevens;AP;Divers;zv%;2022;apr;4;7,7663936933684923
Autoriteit Persoonsgegevens;AP;Divers;zv%;2022;mei;5;4,6837071642007508
Autoriteit Persoonsgegevens;AP;Divers;zv%;2022;jun;6;5,8943672329561130
Autoriteit Persoonsgegevens;AP;Divers;zv%;2022;jul;7;6,9142124775850116
Autoriteit Persoonsgegevens;AP;Divers;zv%;2022;aug;8;5,2823607248136444
Bureau Financieel Toezicht;BFT;Divers;zv%;2022;jan;1;2,0378908193363299
Bureau Financieel Toezicht;BFT;Divers;zv%;2022;feb;2;1,7562486418985639
Bureau Financieel Toezicht;BFT;Divers;zv%;2022;mrt;3;3,1154370027707268
Bureau Financieel Toezicht;BFT;Divers;zv%;2022;apr;4;1,2817403662487858
Bureau Financieel Toezicht;BFT;Divers;zv%;2022;mei;5;2,7383173265886929
Bureau Financieel Toezicht;BFT;Divers;zv%;2022;jun;6;5,5085303762231650
Bureau Financieel Toezicht;BFT;Divers;zv%;2022;jul;7;2,3624450412278586
Bureau Financieel Toezicht;BFT;Divers;zv%;2022;aug;8;2,6299157756252338
Raad van State;RvS;Divers;zv%;2022;jan;1;5,1572228531150879
Raad van State;RvS;Divers;zv%;2022;feb;2;6,4088883042675686
Raad van State;RvS;Divers;zv%;2022;mrt;3;6,1856981273035325
Raad van State;RvS;Divers;zv%;2022;apr;4;6,4127269875237927
Raad van State;RvS;Divers;zv%;2022;mei;5;5,5647168626353567
Raad van State;RvS;Divers;zv%;2022;jun;6;5,7517006342648784
Raad van State;RvS;Divers;zv%;2022;jul;7;6,4835412512701485
Raad van State;RvS;Divers;zv%;2022;aug;8;5,2684252482529557
Buitenlandse zaken;BuZa;Ministerie;zv%;2022;jan;1;2,2769375957015363
Buitenlandse zaken;BuZa;Ministerie;zv%;2022;feb;2;2,2967768720281865
Buitenlandse zaken;BuZa;Ministerie;zv%;2022;mrt;3;2,5271741550690376
Buitenlandse zaken;BuZa;Ministerie;zv%;2022;apr;4;2,4525668156736145
Buitenlandse zaken;BuZa;Ministerie;zv%;2022;mei;5;2,0511619041318965
Buitenlandse zaken;BuZa;Ministerie;zv%;2022;jun;6;2,3052138736392163
Buitenlandse zaken;BuZa;Ministerie;zv%;2022;jul;7;2,4274917317479292
Buitenlandse zaken;BuZa;Ministerie;zv%;2022;aug;8;2,0603980347186028
